episode,episode_length,episode_reward,frame,step
0.0,211.5,-407.1701126098633,0,0.0
133.0,400.5,126.6138801574707,300000,300000.0
250.0,244.0,103.54537200927734,599040,599040.0
