episode,episode_length,episode_reward,frame,step
0.0,211.5,-407.1701126098633,0,0.0
140.0,132.5,-138.57446670532227,500000,500000.0
270.0,148.5,-141.10015106201172,999424,999424.0
