episode,episode_length,episode_reward,frame,step
0.0,143.5,-1226.7944030761719,0,0.0
0.0,143.5,-1226.7944030761719,500,500.0
